{
    "displayName": "sample",
    "templateName": "kilroy.sample/sample",
    "data": {
        "class": "GraphLinksModel",
        "nodeDataArray": [
            {
                "category": "backdrop",
                "figure": "RoundedRectangle",
                "figure_template": "",
                "msg": "This is a sample!",
                "msg_template": "",
                "rsize": "452 87",
                "angle": "0",
                "fill": "#404040",
                "fill_template": "",
                "opacity": 1,
                "stroke": "#CCCCCC",
                "stroke_template": "",
                "strokeWidth": 1,
                "font": "32px \"Helvetica Neue\", Helvetica, Arial, sans-serif",
                "fontStroke": "#CCCCCC",
                "fontStroke_template": "",
                "zOrder": 100,
                "key": -10,
                "loc": "-590 -230"
            },
            {
                "category": "button",
                "title": "UI",
                "rsize": "100 40",
                "action_workflow": "kilroy.sample/ui",
                "action_workflow_id": "",
                "action_args": "{}",
                "action_type": "WORKFLOW",
                "action_trigger": "",
                "server_only": "false",
                "key": -5,
                "loc": "-419 -86"
            },
            {
                "category": "backdrop",
                "figure": "Rectangle",
                "msg": "Not initialized!",
                "msg_template": "Initialized as ${sample_alias}",
                "rsize": "368 30",
                "angle": "0",
                "fill": "transparent",
                "opacity": 1,
                "stroke": "transparent",
                "strokeWidth": 0,
                "font": "bold 16px \"Helvetica Neue\", Helvetica, Arial, sans-serif",
                "fontStroke": "#000000",
                "zOrder": 110,
                "key": -11,
                "loc": "-551 -133"
            },
            {
                "category": "webhook",
                "title": "init",
                "rsize": "100 40",
                "trigger_name": "init",
                "action_workflow": "kilroy.sample/init",
                "action_workflow_id": "",
                "action_args": "{}",
                "action_type": "WORKFLOW",
                "action_trigger": "",
                "server_only": "true",
                "dash": [
                    3,
                    2
                ],
                "visible": true,
                "zOrder": 120,
                "key": -7,
                "loc": "-418 -33"
            }
        ],
        "linkDataArray": []
    }
}