<xml xmlns="http://www.w3.org/1999/xhtml"><block type="workflow_start" id="b8y9fJggqk+VoJzGC-cI" deletable="false" x="190" y="50"><field name="name">kilroy.sample/init</field><field name="version">1</field><field name="description"></field><field name="interactive">FALSE</field><field name="clean_up">TRUE</field><value name="OUTPUTS"><block type="process_variable_all" id=")8}lLnnP].uS=v4cs,!e"><mutation variable_count="1"></mutation><value name="INPUT0"><block type="process_variable" id="2nFI4s_xJMhp0}kjt$s?"><field name="process_variable_val">sample_*</field></block></value></block></value><next><block type="step_group" id="@5#DWeAnwxT4Tf3(T2xd"><field name="role">system</field><field name="timer">24</field><field name="interactive">FALSE</field><field name="can_terminate">FALSE</field><field name="message"></field><statement name="success"><block type="set_var_to" id="V!2g*lCiS3J[:J}`UeyM"><field name="var_name">sample_alias</field><value name="var_expr"><block type="var_object" id="vEPmLe*5Pfu{?0ZZQ1~0"><field name="obj_name">webhook_args</field><field name="field_name">alias</field></block></value></block></statement><next><block type="workflow_end" id="Ub?h9a`t,Etsd=M0U|uJ"></block></next></block></next></block></xml>