{"displayName":"Kilroy Sample KCHAP","templateName":"kilroy.samplekchap/samplekchap","data":{"class":"GraphLinksModel","nodeDataArray":[{"category":"backdrop","figure":"RoundedRectangle","figure_template":"","msg":"","msg_template":"","rsize":"536 216","angle":"0","fill":"{\"0\":\"#112D3A\",\"1\":\"#11192A\"}","fill_template":"","opacity":1,"stroke":"#FCFAE2","stroke_template":"","strokeWidth":2,"font":"12px \"Helvetica Neue\",Helvetica, Arial, sans-serif","fontStroke":"#FCFAE2","fontStroke_template":"","zOrder":40,"key":-3,"loc":"-700 -684"},{"category":"webhook","title":"init","rsize":"100 40","trigger_name":"init","action_workflow":"kilroy.samplekchap/samplekchap/init","action_workflow_id":"","action_args":"","action_type":"WORKFLOW","action_trigger":"","server_only":"true","dash":[3,2],"visible":true,"zOrder":120,"key":-29,"loc":"-520 -464"},{"category":"backdrop","figure":"RoundedRectangle","figure_template":"","msg":"","msg_template":"","rsize":"504 111","angle":"0","fill":"#212230","fill_template":"","opacity":1,"stroke":"#336D79","stroke_template":"","strokeWidth":1,"font":"12px \"Helvetica Neue\",Helvetica, Arial, sans-serif","fontStroke":"#808080","fontStroke_template":"","zOrder":125,"key":-98,"loc":"-684 -644"},{"category":"backdrop","figure":"Rectangle","msg":"API Status","msg_template":"","rsize":"118 45","angle":"0","fill":"transparent","opacity":1,"stroke":"transparent","strokeWidth":0,"font":"bold 14px Lato, sans-serif","fontStroke":"#7BD784","zOrder":130,"key":-99,"loc":"-692 -652"},{"category":"backdrop","figure":"Rectangle","msg":"Please configure the API","msg_template":"${msg}","rsize":"487 87","angle":"0","fill":"transparent","opacity":1,"stroke":"transparent","strokeWidth":0,"font":"bold 18px Lato, sans-serif","fontStroke":"#FCFAE2","zOrder":130,"key":-100,"loc":"-680 -628"},{"category":"backdrop","figure":"Rectangle","msg":"Sample KCHAP API","msg_template":"","rsize":"235 44","angle":"0","fill":"transparent","opacity":1,"stroke":"transparent","strokeWidth":0,"font":"bold 16px \"Helvetica Neue\",Helvetica, Arial, sans-serif","fontStroke":"#FFFFFF","zOrder":110,"key":-11,"loc":"-544 -688"},{"category":"webhook","title":"get_quote","rsize":"120 40","trigger_name":"get_quote","action_workflow":"kilroy.samplekchap/samplekchap/get_quote","action_workflow_id":"","action_args":"","action_type":"WORKFLOW","action_trigger":"","server_only":"true","dash":[3,2],"visible":true,"zOrder":120,"key":-30,"loc":"-416 -464"},{"category":"button","title":"Dapp","rsize":"68 36","action_workflow":"kilroy.samplekchap/samplekchap/open_dapp","action_workflow_id":"","action_args":"{}","action_type":"WORKFLOW","action_trigger":"","key":-5,"loc":"-456 -524"}],"linkDataArray":[]}}