<xml xmlns="http://www.w3.org/1999/xhtml"><block type="workflow_start" id="b8y9fJggqk+VoJzGC-cI" deletable="false" x="190" y="50"><field name="name">kilroy.sample/ui</field><field name="version">1</field><field name="description"></field><field name="interactive">TRUE</field><field name="clean_up">TRUE</field><next><block type="step_group" id="@5#DWeAnwxT4Tf3(T2xd"><field name="role">*</field><field name="timer">24</field><field name="interactive">TRUE</field><field name="can_terminate">TRUE</field><field name="message"></field><statement name="success"><block type="show_url" id="1IG/9k(6h77{A*^3xo7|"><field name="url">/apps/kilroy.sample/info.html</field><field name="TARGET">NEW</field></block></statement><next><block type="workflow_end" id="Ub?h9a`t,Etsd=M0U|uJ"></block></next></block></next></block></xml>